"artigo","slug","grupo","links_afiliados","status","categoria","palavras_chave","descricao","tipo","data_publicacao","autor","links_internos","links_externos"
"5 produtos em oferta hoje com desconto real","produtos-em-oferta-hoje-desconto-real","ofertas-do-dia","https://www.amazon.com.br,https://www.mercadolivre.com.br","rascunho","ofertas","ofertas do dia, produtos em oferta, desconto real, promoções","Seleção de 5 produtos com desconto real hoje. Ofertas que a gente compraria.","lista","2026-08-11","Time Finds","/promocoes-relampago, /ofertas-fim-de-semana, /cupons-desconto","https://www.amazon.com.br,https://www.mercadolivre.com.br"
"Como encontrar promoções relâmpago na Amazon","promocoes-relampago-amazon","promocoes-relampago","https://www.amazon.com.br","rascunho","ofertas","promoções relâmpago Amazon, ofertas Amazon, como achar promoções","Guia para encontrar promoções relâmpago na Amazon sem perder horas.","guia","2026-08-15","Time Finds","/produtos-em-oferta-hoje, /cupom-amazon, /ofertas-fim-de-semana","https://www.amazon.com.br"
"Ofertas de fim de semana: o que vale a pena comprar","ofertas-fim-de-semana","ofertas-fim-de-semana","https://www.amazon.com.br,https://www.mercadolivre.com.br","rascunho","ofertas","ofertas fim de semana, promoções sábado, descontos domingo, produtos em oferta","O que realmente vale a pena comprar no fim de semana. Seleção de ofertas testadas.","lista","2026-08-17","Time Finds","/produtos-em-oferta-hoje, /promocoes-relampago, /ofertas-falsas","https://www.amazon.com.br,https://www.mercadolivre.com.br"
"Como identificar ofertas falsas e não cair em armadilha","ofertas-falsas-como-identificar","ofertas-falsas","#","rascunho","ofertas","ofertas falsas, identificar promoções falsas, descontos enganosos","Aprenda a identificar ofertas falsas. 7 sinais para não cair em promoção enganosa.","guia","2026-08-19","Time Finds","/produtos-em-oferta-hoje, /ofertas-verdade, /ofertas-fim-de-semana","https://www.consumidor.gov.br"
"Cupom Amazon: como usar códigos promocionais","cupom-amazon-como-usar","cupom-amazon","https://www.amazon.com.br","rascunho","cupons","cupom Amazon, código promocional Amazon, desconto Amazon","Guia completo sobre cupons na Amazon. Como encontrar e usar sem perder tempo.","guia","2026-08-21","Time Finds","/produtos-em-oferta-hoje, /promocoes-relampago, /cupons-desconto","https://www.amazon.com.br"
"Cupons de desconto que funcionam: códigos testados","cupons-desconto-testados","cupons-desconto","https://www.amazon.com.br,https://www.mercadolivre.com.br","rascunho","cupons","cupons que funcionam, códigos promocionais válidos, cupom de desconto","Lista de cupons que realmente funcionam. Testamos cada um antes de publicar.","lista","2026-08-23","Time Finds","/cupom-amazon, /promocoes-relampago, /produtos-em-oferta-hoje","https://www.amazon.com.br,https://www.mercadolivre.com.br"
"Como ganhar cupons de desconto todos os meses","ganhar-cupons-desconto","cupons-desconto","https://www.amazon.com.br,https://www.mercadolivre.com.br","rascunho","cupons","ganhar cupons, cupons grátis, desconto todo mês, cupom online","7 maneiras de ganhar cupons de desconto todos os meses sem sair de casa.","guia","2026-08-25","Time Finds","/cupom-amazon, /cupons-desconto, /produtos-em-oferta-hoje","https://www.amazon.com.br,https://www.mercadolivre.com.br"
"Lojas com desconto na primeira compra","desconto-primeira-compra-lojas","cupons-primeira-compra","https://www.amazon.com.br,https://www.mercadolivre.com.br,https://www.shopee.com.br","rascunho","cupons","cupom primeira compra, desconto primeira compra, lojas com desconto","Lista de lojas que oferecem desconto na primeira compra. Economize no seu pedido inicial.","lista","2026-08-27","Time Finds","/cupons-desconto, /cupom-amazon, /produtos-em-oferta-hoje","https://www.amazon.com.br,https://www.mercadolivre.com.br,https://www.shopee.com.br"
"Xiaomi ou Samsung: qual smartphone comprar","xiaomi-ou-samsung","xiaomi-vs-samsung","https://www.amazon.com.br,https://www.mercadolivre.com.br","rascunho","comparativos","Xiaomi ou Samsung, melhor smartphone custo-benefício, celular barato","Comparativo completo entre Xiaomi e Samsung. Qual vale mais a pena.","comparativo","2026-08-29","Time Finds","/produtos-em-oferta-hoje, /smartwatch-barato, /melhor-notebook","https://www.amazon.com.br,https://www.mercadolivre.com.br"
"Fone de ouvido Bluetooth: modelos custo-benefício","fone-ouvido-bluetooth-custo-beneficio","fone-ouvido-bluetooth","https://www.amazon.com.br,https://www.mercadolivre.com.br","rascunho","comparativos","melhor fone bluetooth, fone de ouvido barato, custo-benefício","Comparativo dos melhores fones de ouvido Bluetooth. Qual vale a pena comprar.","comparativo","2026-08-31","Time Finds","/xiaomi-ou-samsung, /review-qcy-ht05, /produtos-em-oferta-hoje","https://www.amazon.com.br,https://www.mercadolivre.com.br"
"Smartwatch barato até 300 reais","smartwatch-barato-ate-300","smartwatch-barato","https://www.amazon.com.br,https://www.mercadolivre.com.br","rascunho","comparativos","smartwatch barato, relógio inteligente econômico, melhor smartwatch","Guia de smartwatches baratos até R$ 300. O que realmente funciona.","lista","2026-09-02","Time Finds","/xiaomi-ou-samsung, /fone-ouvido-bluetooth, /produtos-em-oferta-hoje","https://www.amazon.com.br,https://www.mercadolivre.com.br"
"TV 4K barata: modelos custo-benefício","tv-4k-barata-custo-beneficio","tv-4k-barata","https://www.amazon.com.br,https://www.mercadolivre.com.br","rascunho","comparativos","TV 4K barata, melhor TV custo-benefício, televisão econômica","Comparativo de TVs 4K baratas. Qual modelo oferece melhor imagem.","comparativo","2026-09-04","Time Finds","/xiaomi-ou-samsung, /produtos-em-oferta-hoje, /smart-tv","https://www.amazon.com.br,https://www.mercadolivre.com.br"
"Notebook custo-benefício: melhores opções","melhor-notebook-custo-beneficio","melhor-notebook-custo-beneficio","https://www.amazon.com.br,https://www.mercadolivre.com.br","rascunho","comparativos","melhor notebook custo-benefício, notebook barato, notebook para trabalho","Lista dos melhores notebooks custo-benefício. Para trabalho, estudo e uso diário.","lista","2026-09-06","Time Finds","/xiaomi-ou-samsung, /produtos-em-oferta-hoje, /tv-4k-barata","https://www.amazon.com.br,https://www.mercadolivre.com.br"
"Review: Fone QCY HT05","review-qcy-ht05","review-qcy-ht05","https://www.amazon.com.br","rascunho","produtos-destaque","QCY HT05, review fone QCY, melhor fone custo-benefício","Review completo do QCY HT05. O fone que custa pouco mas entrega muito.","review","2026-09-08","Time Finds","/fone-ouvido-bluetooth, /produtos-em-oferta-hoje, /xiaomi-ou-samsung","https://www.amazon.com.br"
"Review: Xiaomi Redmi Note 11","review-xiaomi-redmi-note-11","review-xiaomi-redmi-note-11","https://www.amazon.com.br,https://www.mercadolivre.com.br","rascunho","produtos-destaque","Xiaomi Redmi Note 11, review Xiaomi, celular barato","Review do Xiaomi Redmi Note 11. Será que ainda vale a pena comprar?","review","2026-09-10","Time Finds","/xiaomi-ou-samsung, /produtos-em-oferta-hoje, /melhor-notebook","https://www.amazon.com.br,https://www.mercadolivre.com.br"
"Review: Alexa Echo Dot 5","review-alexa-echo-dot-5","review-alexa-echo-dot-5","https://www.amazon.com.br","rascunho","produtos-destaque","Alexa Echo Dot, review Alexa, Echo Dot vale a pena","Review da Alexa Echo Dot 5. O que ela faz, como usar e se vale o preço.","review","2026-09-12","Time Finds","/produtos-em-oferta-hoje, /ofertas-fim-de-semana, /smart-tv","https://www.amazon.com.br"
"Review: Kit de panelas antiaderentes","review-kit-panelas-antiaderentes","review-panelas-antiaderentes","https://www.amazon.com.br,https://www.mercadolivre.com.br","rascunho","produtos-destaque","kit de panelas, panelas antiaderentes, melhor kit de panelas","Review dos melhores kits de panelas antiaderentes. O que funciona e qual comprar.","review","2026-09-14","Time Finds","/produtos-em-oferta-hoje, /ofertas-fim-de-semana, /ofertas-falsas","https://www.amazon.com.br,https://www.mercadolivre.com.br"
"Como economizar no supermercado: dicas que funcionam","economizar-supermercado-dicas","economizar-supermercado","#","rascunho","guias-economia","como economizar no supermercado, dicas de economia, compras baratas","10 dicas práticas para economizar no supermercado. Coisas que a gente faz.","guia","2026-09-16","Time Finds","/produtos-em-oferta-hoje, /economizar-compras-online, /ganhar-cupons-desconto","https://www.consumidor.gov.br"
"Preparação para Black Friday: o que fazer antes","preparacao-black-friday-o-que-fazer","preparacao-black-friday","https://www.amazon.com.br,https://www.mercadolivre.com.br","rascunho","sazonais","preparação Black Friday, como se preparar Black Friday, dicas Black Friday","Guia de preparação para a Black Friday. O que fazer nas semanas anteriores.","guia","2026-09-18","Time Finds","/ofertas-falsas, /ofertas-verdade, /produtos-em-oferta-hoje","https://www.amazon.com.br,https://www.mercadolivre.com.br"
"Black Friday: guia para não cair em furada","black-friday-guia","black-friday","https://www.amazon.com.br,https://www.mercadolivre.com.br,https://www.shopee.com.br","rascunho","sazonais","Black Friday, dicas Black Friday, ofertas Black Friday, como não cair em furada","Guia completo para a Black Friday. O que comprar, o que evitar e como não cair em furada.","guia","2026-09-20","Time Finds","/preparacao-black-friday, /ofertas-verdade, /produtos-em-oferta-hoje","https://www.amazon.com.br,https://www.mercadolivre.com.br,https://www.shopee.com.br"
"Ofertas de Black Friday: o que vale a pena comprar","black-friday-ofertas-que-valem-pena","black-friday","https://www.amazon.com.br,https://www.mercadolivre.com.br,https://www.shopee.com.br","rascunho","sazonais","ofertas Black Friday, produtos em oferta Black Friday, o que comprar Black Friday","Lista de ofertas que valem a pena na Black Friday. Seleção de produtos com desconto real.","lista","2026-09-22","Time Finds","/black-friday-guia, /preparacao-black-friday, /produtos-em-oferta-hoje","https://www.amazon.com.br,https://www.mercadolivre.com.br,https://www.shopee.com.br"
"Cyber Monday: ofertas depois da Black Friday","cyber-monday-ofertas","cyber-monday","https://www.amazon.com.br,https://www.mercadolivre.com.br,https://www.shopee.com.br","rascunho","sazonais","Cyber Monday, ofertas Cyber Monday, descontos Cyber Monday","Guia para o Cyber Monday. Ofertas que realmente valem a pena depois da Black Friday.","lista","2026-09-24","Time Finds","/black-friday-guia, /produtos-em-oferta-hoje, /ofertas-fim-de-semana","https://www.amazon.com.br,https://www.mercadolivre.com.br,https://www.shopee.com.br"
"Promoções de Natal: o que comprar antes que acabe","promocoes-natal","promocoes-natal","https://www.amazon.com.br,https://www.mercadolivre.com.br,https://www.shopee.com.br","rascunho","sazonais","Natal, promoções Natal, ofertas de Natal, presentes de Natal","Guia com as melhores promoções de Natal. O que vale a pena comprar e quando comprar.","lista","2026-09-26","Time Finds","/black-friday-guia, /produtos-em-oferta-hoje, /ofertas-fim-de-semana","https://www.amazon.com.br,https://www.mercadolivre.com.br,https://www.shopee.com.br"
"Presentes de Natal: ideias para cada tipo de pessoa","natal-presentes-ideias","natal-presentes","https://www.amazon.com.br,https://www.mercadolivre.com.br,https://www.shopee.com.br","rascunho","sazonais","presentes de Natal, ideias de presente Natal, sugestões de presente","Ideias de presentes de Natal para cada tipo de pessoa. Dicas para acertar no presente.","lista","2026-09-28","Time Finds","/promocoes-natal, /black-friday-guia, /produtos-em-oferta-hoje","https://www.amazon.com.br,https://www.mercadolivre.com.br,https://www.shopee.com.br"
"Ofertas de Ano Novo: o que comprar para começar bem","ofertas-ano-novo","ofertas-ano-novo","https://www.amazon.com.br,https://www.mercadolivre.com.br,https://www.shopee.com.br","rascunho","sazonais","ofertas Ano Novo, promoções Ano Novo, descontos Ano Novo, comprar Ano Novo","Ofertas de Ano Novo para começar o ano com o pé direito. Seleção de produtos e dicas.","lista","2026-09-30","Time Finds","/promocoes-natal, /black-friday-guia, /produtos-em-oferta-hoje","https://www.amazon.com.br,https://www.mercadolivre.com.br,https://www.shopee.com.br"
"Promoções de Janeiro: o que comprar no começo do ano","promocoes-janeiro","promocoes-janeiro","https://www.amazon.com.br,https://www.mercadolivre.com.br,https://www.shopee.com.br","rascunho","sazonais","promoções janeiro, ofertas janeiro, liquidação janeiro, comprar janeiro","Ofertas e promoções de Janeiro. Liquidação de estoque e descontos para começar o ano.","lista","2026-10-02","Time Finds","/ofertas-ano-novo, /promocoes-natal, /produtos-em-oferta-hoje","https://www.amazon.com.br,https://www.mercadolivre.com.br,https://www.shopee.com.br"
"Presentes para o Dia das Mães: ideias para todos os bolsos","dia-das-maes-presentes-ideias","dia-das-maes","https://www.amazon.com.br,https://www.mercadolivre.com.br,https://www.shopee.com.br","rascunho","sazonais","Dia das Mães, presentes para mãe, ideias de presente","10 ideias de presentes para o Dia das Mães. Opções para todos os bolsos.","lista","2027-04-01","Time Finds","/produtos-em-oferta-hoje, /ofertas-fim-de-semana, /review-kit-panelas-antiaderentes","https://www.amazon.com.br,https://www.mercadolivre.com.br,https://www.shopee.com.br"
"Presentes para o Dia dos Namorados: ideias românticas e baratas","dia-dos-namorados-presentes-romanticos","dia-dos-namorados","https://www.amazon.com.br,https://www.mercadolivre.com.br,https://www.shopee.com.br","rascunho","sazonais","Dia dos Namorados, presentes para namorado, ideias de presente","10 ideias de presentes para o Dia dos Namorados. Românticas e sem estourar o orçamento.","lista","2027-05-01","Time Finds","/produtos-em-oferta-hoje, /dia-das-maes, /review-alexa-echo-dot-5","https://www.amazon.com.br,https://www.mercadolivre.com.br,https://www.shopee.com.br"
"Ofertas de volta às aulas: onde economizar","volta-as-aulas-ofertas","volta-as-aulas","https://www.amazon.com.br,https://www.mercadolivre.com.br,https://www.shopee.com.br","rascunho","sazonais","volta às aulas, material escolar, ofertas escola, economizar material","Guia para economizar na volta às aulas. O que comprar e onde comprar.","guia","2027-06-01","Time Finds","/produtos-em-oferta-hoje, /economizar-supermercado, /desconto-primeira-compra","https://www.amazon.com.br,https://www.mercadolivre.com.br,https://www.shopee.com.br"
"Ofertas de Dia dos Pais: presentes que ele vai usar","dia-dos-pais-presentes-que-ele-vai-usar","dia-dos-pais","https://www.amazon.com.br,https://www.mercadolivre.com.br,https://www.shopee.com.br","rascunho","sazonais","Dia dos Pais, presentes para pai, ideias de presente, ofertas Dia dos Pais","10 ideias de presentes para o Dia dos Pais. Presentes úteis que ele vai gostar.","lista","2027-07-01","Time Finds","/dia-das-maes, /dia-dos-namorados, /produtos-em-oferta-hoje","https://www.amazon.com.br,https://www.mercadolivre.com.br,https://www.shopee.com.br"