"artigo","links_afiliados","status","categoria","palavras_chave","descricao","tipo","data_publicacao","autor","links_internos","links_externos"
"Bowl de Quinoa com Legumes Assados: Receita Saudável","#","rascunho","receitas-saudaveis","bowl de quinoa, quinoa, legumes assados, receita saudável, jantar saudável","Receita rica em proteínas vegetais, fibras e nutrientes. Ideal para almoço ou jantar saudável.","receita","2026-07-15","Time HealthTable","/pt/nutricao/quinoa-beneficios-como-preparar/,/pt/nutricao/10-alimentos-ricos-em-fibras/","https://pubmed.ncbi.nlm.nih.gov/123456/,https://www.healthline.com/nutrition/quinoa"
"Overnight Oats de Mirtilo e Chia","#","rascunho","receitas-saudaveis","overnight oats, aveia, chia, café da manhã saudável, receita prática","Aprenda a preparar overnight oats nutritivo para um café da manhã rápido e saudável.","receita","2026-07-13","Time HealthTable","/pt/nutricao/aveia-beneficios-tipos-como-consumir/,/pt/bem-estar/alimentos-que-melhoram-qualidade-do-sono/","https://www.healthline.com/nutrition/overnight-oats"
"Panqueca de Aveia e Banana sem Açúcar","#","rascunho","receitas-saudaveis","panqueca de aveia, banana, café da manhã fitness, receita saudável","Receita fácil, nutritiva e perfeita para um café da manhã equilibrado.","receita","2026-07-11","Time HealthTable","/pt/nutricao/aveia-beneficios-tipos-como-consumir/,/pt/emagrecimento/receitas-low-carb/","https://www.healthline.com/nutrition/banana-pancakes"
"Salada de Quinoa com Frango Grelhado","#","rascunho","receitas-saudaveis","salada de quinoa, frango grelhado, almoço saudável, receita fitness","Uma refeição leve, rica em proteínas e ideal para quem busca alimentação saudável.","receita","2026-07-09","Time HealthTable","/pt/nutricao/quinoa-beneficios-como-preparar/,/pt/nutricao/o-que-comer-antes-e-depois-do-treino/","https://www.healthline.com/nutrition/quinoa-chicken-salad"
"Sopa de Abóbora com Gengibre Cremosa","#","rascunho","receitas-saudaveis","sopa de abóbora, gengibre, sopa saudável, receita de inverno","Receita cremosa, nutritiva e fácil de preparar para dias frios.","receita","2026-07-07","Time HealthTable","/pt/nutricao/10-alimentos-ricos-em-fibras/,/pt/bem-estar/como-dormir-melhor/","https://www.healthline.com/nutrition/pumpkin-soup"
"Guia Completo da Dieta Mediterrânea","#","rascunho","nutricao","dieta mediterrânea, alimentação saudável, cardápio dieta mediterrânea, benefícios","Entenda como funciona a dieta mediterrânea, seus benefícios e como montar um cardápio.","guia","2026-07-18","Time HealthTable","/pt/nutricao/quinoa-beneficios-como-preparar/,/pt/emagrecimento/guia-completo-para-emagrecer-com-saude/","https://pubmed.ncbi.nlm.nih.gov/123456/,https://www.healthline.com/nutrition/mediterranean-diet-meal-plan"
"Quinoa: Benefícios"," Como Preparar e Valor Nutricional","#","rascunho","nutricao","quinoa, benefícios da quinoa, valor nutricional, como cozinhar quinoa","Conheça todos os benefícios da quinoa e aprenda como prepará-la corretamente.","guia","2026-07-16","Time HealthTable","/pt/receitas-saudaveis/bowl-de-quinoa-com-legumes-assados/,/pt/receitas-saudaveis/salada-de-quinoa-com-frango-grelhado/"
"Aveia: Benefícios"," Tipos e Como Consumir","#","rascunho","nutricao","aveia, benefícios da aveia, tipos de aveia, fibras","Descubra por que a aveia é um dos alimentos mais completos para uma alimentação saudável.","guia","2026-07-14","Time HealthTable","/pt/receitas-saudaveis/overnight-oats-de-mirtilo-e-chia/,/pt/receitas-saudaveis/panqueca-de-aveia-e-banana/"
"O que Comer Antes e Depois do Treino","#","publicado","nutricao","pré treino, pós treino, alimentação esportiva, proteínas","Veja quais alimentos ajudam a melhorar o desempenho físico e acelerar a recuperação muscular.","guia","2026-07-12","Time HealthTable","/pt/emagrecimento/guia-completo-para-emagrecer-com-saude/,/pt/emagrecimento/receitas-low-carb/","https://pubmed.ncbi.nlm.nih.gov/123456/,https://www.healthline.com/nutrition/eat-before-after-workout"
"10 Alimentos Ricos em Fibras para Melhorar o Intestino","#","publicado","nutricao","alimentos ricos em fibras, intestino, fibras, digestão","Conheça alimentos ricos em fibras que ajudam na digestão e aumentam a saciedade.","lista","2026-07-10","Time HealthTable","/pt/nutricao/aveia-beneficios-tipos-como-consumir/,/pt/receitas-saudaveis/sopa-de-abobora-com-gengibre/","https://pubmed.ncbi.nlm.nih.gov/123456/,https://www.healthline.com/nutrition/high-fiber-foods"
"Como Reduzir o Estresse em 10 Minutos por Dia","#","publicado","bem-estar","estresse, ansiedade, relaxamento, saúde mental","Aprenda técnicas simples para aliviar o estresse e melhorar sua qualidade de vida.","guia","2026-07-20","Time HealthTable","/pt/bem-estar/mindfulness-para-iniciantes/,/pt/bem-estar/como-dormir-melhor/","https://pubmed.ncbi.nlm.nih.gov/123456/,https://www.healthline.com/nutrition/stress-reduction"
"Mindfulness para Iniciantes: Guia Completo","#","rascunho","bem-estar","mindfulness, meditação, atenção plena, ansiedade","Aprenda a praticar mindfulness e reduzir ansiedade e estresse.","guia","2026-07-18","Time HealthTable","/pt/bem-estar/como-reduzir-o-estresse/,/pt/bem-estar/como-criar-uma-rotina-matinal/","https://pubmed.ncbi.nlm.nih.gov/123456/,https://www.healthline.com/health/mindfulness"
"Como Criar uma Rotina Matinal Saudável","#","publicado","bem-estar","rotina matinal saudável, hábitos saudáveis, produtividade","Descubra hábitos simples para começar o dia com mais disposição.","guia","2026-07-16","Time HealthTable","/pt/bem-estar/mindfulness-para-iniciantes/,/pt/bem-estar/como-dormir-melhor/","https://www.healthline.com/health/morning-routine"
"Como Dormir Melhor Naturalmente","#","publicado","bem-estar","como dormir melhor, sono, insônia, qualidade do sono","Veja hábitos naturais que ajudam a melhorar a qualidade do sono.","guia","2026-07-14","Time HealthTable","/pt/bem-estar/alimentos-que-melhoram-qualidade-do-sono/,/pt/longevidade/como-o-sono-afeta-a-longevidade/","https://pubmed.ncbi.nlm.nih.gov/123456/,https://www.healthline.com/nutrition/sleep-hygiene"
"Alimentos que Melhoram a Qualidade do Sono","#","rascunho","bem-estar","alimentos para dormir melhor, melatonina natural, sono","Conheça alimentos que favorecem um sono profundo e reparador.","lista","2026-07-12","Time HealthTable","/pt/bem-estar/como-dormir-melhor/,/pt/longevidade/como-o-sono-afeta-a-longevidade/","https://pubmed.ncbi.nlm.nih.gov/123456/,https://www.healthline.com/nutrition/foods-to-help-you-sleep"
"O que São as Zonas Azuis? Os Segredos da Longevidade","#","rascunho","longevidade","zonas azuis, longevidade, centenários","Conheça as regiões do mundo onde as pessoas vivem mais e melhor.","guia","2026-07-19","Time HealthTable","/pt/longevidade/habitos-de-longevidade-das-zonas-azuis/,/pt/longevidade/alimentacao-antienvelhecimento/","https://pubmed.ncbi.nlm.nih.gov/123456/,https://www.bluezones.com/"
"Hábitos de Longevidade das Zonas Azuis","#","rascunho","longevidade","hábitos saudáveis, zonas azuis, longevidade","Descubra os hábitos compartilhados pelas populações mais longevas do planeta.","lista","2026-07-17","Time HealthTable","/pt/longevidade/o-que-sao-as-zonas-azuis/,/pt/longevidade/exercicios-para-a-terceira-idade/","https://pubmed.ncbi.nlm.nih.gov/123456/,https://www.bluezones.com/"
"Alimentação Antienvelhecimento: O que Comer","#","rascunho","longevidade","alimentação antienvelhecimento, antioxidantes, longevidade","Conheça alimentos ricos em antioxidantes que ajudam na saúde e longevidade.","guia","2026-07-15","Time HealthTable","/pt/longevidade/o-que-sao-as-zonas-azuis/,/pt/nutricao/quinoa-beneficios-como-preparar/","https://pubmed.ncbi.nlm.nih.gov/123456/,https://www.healthline.com/nutrition/anti-aging-foods"
"Exercícios para a Terceira Idade","#","publicado","longevidade","exercícios para idosos, mobilidade, terceira idade","Exercícios seguros para melhorar força, equilíbrio e mobilidade.","guia","2026-07-13","Time HealthTable","/pt/longevidade/habitos-de-longevidade-das-zonas-azuis/,/pt/bem-estar/como-dormir-melhor/","https://pubmed.ncbi.nlm.nih.gov/123456/,https://www.healthline.com/health/senior-exercise"
"Como o Sono Afeta a Longevidade","#","publicado","longevidade","sono, longevidade, envelhecimento saudável","Entenda como dormir bem influencia diretamente a expectativa de vida.","guia","2026-07-11","Time HealthTable","/pt/bem-estar/como-dormir-melhor/,/pt/bem-estar/alimentos-que-melhoram-qualidade-do-sono/","https://pubmed.ncbi.nlm.nih.gov/123456/,https://www.healthline.com/nutrition/sleep-and-longevity"
"Guia Completo para Emagrecer com Saúde","#","rascunho","emagrecimento","emagrecer com saúde, perda de peso, alimentação saudável","Aprenda como emagrecer de forma saudável e sustentável.","guia","2026-07-17","Time HealthTable","/pt/emagrecimento/como-emagrecer-sem-academia/,/pt/emagrecimento/receitas-low-carb/","https://pubmed.ncbi.nlm.nih.gov/123456/,https://www.healthline.com/nutrition/healthy-weight-loss"
"Como Emagrecer sem Academia","#","rascunho","emagrecimento","como emagrecer sem academia, emagrecimento em casa, perder peso","Estratégias para perder peso mesmo sem frequentar academia.","guia","2026-07-15","Time HealthTable","/pt/emagrecimento/caminhada-emagrece/,/pt/emagrecimento/guia-completo-para-emagrecer-com-saude/","https://www.healthline.com/nutrition/weight-loss-at-home"
"Caminhada Emagrece? Descubra Quantas Calorias Você Pode Queimar","#","rascunho","emagrecimento","caminhada emagrece, caminhada para perder peso, calorias caminhada","Veja como a caminhada pode contribuir para o emagrecimento.","guia","2026-07-13","Time HealthTable","/pt/emagrecimento/como-emagrecer-sem-academia/,/pt/emagrecimento/como-manter-motivacao/","https://pubmed.ncbi.nlm.nih.gov/123456/,https://www.healthline.com/health/walking-for-weight-loss"
"Como Manter a Motivação para Emagrecer","#","rascunho","emagrecimento","motivação para emagrecer, disciplina, hábitos saudáveis","Aprenda estratégias para manter o foco durante o processo de emagrecimento.","guia","2026-07-11","Time HealthTable","/pt/emagrecimento/caminhada-emagrece/,/pt/emagrecimento/guia-completo-para-emagrecer-com-saude/","https://pubmed.ncbi.nlm.nih.gov/123456/,https://www.healthline.com/nutrition/weight-loss-motivation"
"Receitas Low-Carb para o Dia a Dia","#","rascunho","emagrecimento","receitas low carb, dieta low carb, emagrecimento","Receitas práticas e saborosas para quem deseja reduzir carboidratos.","lista","2026-07-09","Time HealthTable","/pt/emagrecimento/guia-completo-para-emagrecer-com-saude/,/pt/emagrecimento/como-emagrecer-sem-academia/","https://pubmed.ncbi.nlm.nih.gov/123456/,https://www.healthline.com/nutrition/low-carb-diet"
